{
  "InternVL 3.5": {
    "logo": [
      -23.760000000000005,
      62.319999999999986
    ],
    "label": [
      -23.760000000000005,
      23.319999999999986
    ]
  },
  "Llama 4 Scout": {
    "logo": [
      -34.56,
      9.760000000000005
    ],
    "label": [
      -34.56,
      -29.239999999999995
    ]
  },
  "Step-2": {
    "logo": [
      1.4399999999999977,
      57.28
    ],
    "label": [
      1.4399999999999977,
      26.680000000000007
    ]
  },
  "InternVL 3.0": {
    "logo": [
      43.91999999999999,
      3.280000000000001
    ],
    "label": [
      43.91999999999999,
      -35.71999999999999
    ]
  },
  "Qwen2.5-VL": {
    "logo": [
      -48.96000000000002,
      9.760000000000007
    ],
    "label": [
      -48.96000000000002,
      -29.239999999999995
    ]
  },
  "DeepSeek-VL2": {
    "logo": [
      37.44000000000001,
      -20.480000000000008
    ],
    "label": [
      37.44000000000001,
      -59.47999999999999
    ]
  },
  "Qwen3.5": {
    "logo": [
      -61.000000000000014,
      -127.88000000000002
    ],
    "label": [
      -61.000000000000014,
      -166.88000000000002
    ]
  },
  "Qwen3-VL": {
    "logo": [
      1.4400000000000084,
      -34.87999999999999
    ],
    "label": [
      1.4400000000000084,
      -73.88
    ]
  },
  "Kimi K2.5": {
    "logo": [
      -85.6,
      82.47999999999999
    ],
    "label": [
      -85.6,
      43.47999999999999
    ]
  },
  "Llama 4 Maverick": {
    "logo": [
      -40.320000000000014,
      27.04
    ],
    "label": [
      -40.320000000000014,
      -11.96
    ]
  },
  "GLM-5": {
    "logo": [
      -75.67999999999998,
      4.719999999999995
    ],
    "label": [
      -75.67999999999998,
      -34.28000000000003
    ]
  },
  "MiniCPM-V": {
    "logo": [
      -37.44,
      19.839999999999986
    ],
    "label": [
      -37.44,
      -19.160000000000014
    ]
  },
  "DeepSeek-V3": {
    "logo": [
      -34.96,
      12.04
    ],
    "label": [
      -34.96,
      -22.96
    ]
  },
  "DeepSeek-V4": {
    "logo": [
      81.16000000000001,
      58.12000000000002
    ],
    "label": [
      81.16000000000001,
      23.12000000000002
    ]
  },
  "GPT-4o": {
    "logo": [
      -1.4400000000000004,
      55.84
    ],
    "label": [
      -1.4400000000000004,
      20.840000000000003
    ]
  },
  "GPT-5": {
    "logo": [
      -10.079999999999991,
      64.47999999999999
    ],
    "label": [
      -10.079999999999991,
      29.47999999999999
    ]
  },
  "Doubao 2.0": {
    "logo": [
      -69.35999999999999,
      -59.75999999999999
    ],
    "label": [
      -69.35999999999999,
      -94.75999999999999
    ]
  },
  "Gemini 3.1 Pro": {
    "logo": [
      -29.599999999999998,
      63.76000000000001
    ],
    "label": [
      -29.599999999999998,
      28.760000000000012
    ]
  },
  "GPT-5.5 Pro": {
    "logo": [
      -12.96,
      65.92
    ],
    "label": [
      -12.96,
      30.92
    ]
  },
  "Claude Opus 4.8": {
    "logo": [
      66.23999999999998,
      5.440000000000003
    ],
    "label": [
      66.23999999999998,
      -29.559999999999995
    ]
  },
  "Qwen 3.7 Max": {
    "logo": [
      -48.96000000000001,
      9.759999999999991
    ],
    "label": [
      -48.96000000000001,
      -25.240000000000002
    ]
  },
  "Claude 4 Opus": {
    "logo": [
      -18.72,
      61.6
    ],
    "label": [
      -18.72,
      26.6
    ]
  },
  "MiniMax M2.7": {
    "logo": [
      86.39999999999999,
      -0.31999999999999806
    ],
    "label": [
      86.39999999999999,
      -35.32
    ]
  }
}