{
  "InternVL 3.5": {
    "logo": [
      6.480000000000004,
      66.63999999999999
    ],
    "label": [
      6.480000000000004,
      31.639999999999986
    ]
  },
  "Llama 4 Scout": {
    "logo": [
      -41.760000000000005,
      31.36
    ],
    "label": [
      -41.760000000000005,
      -3.6400000000000006
    ]
  },
  "Step-2": {
    "logo": [
      67.67999999999999,
      63.03999999999999
    ],
    "label": [
      67.67999999999999,
      36.44
    ]
  },
  "InternVL 3.0": {
    "logo": [
      162.0,
      19.119999999999997
    ],
    "label": [
      162.0,
      -15.880000000000003
    ]
  },
  "Qwen2.5-VL": {
    "logo": [
      -67.68,
      -0.3200000000000074
    ],
    "label": [
      -67.68,
      -35.32000000000001
    ]
  },
  "DeepSeek-VL2": {
    "logo": [
      72.0,
      -39.2
    ],
    "label": [
      72.0,
      -74.2
    ]
  },
  "GPT-5.3": {
    "logo": [
      89.68,
      51.04
    ],
    "label": [
      89.68,
      16.04
    ]
  },
  "GLM-6 Pro": {
    "logo": [
      62.68,
      45.04
    ],
    "label": [
      62.68,
      10.04
    ]
  },
  "Doubao 2.0": {
    "logo": [
      54.480000000000004,
      -81.36
    ],
    "label": [
      54.480000000000004,
      -116.36
    ]
  },
  "Qwen3.5": {
    "logo": [
      48.44,
      -173.96
    ],
    "label": [
      48.44,
      -208.96
    ]
  },
  "Qwen3-VL": {
    "logo": [
      -30.239999999999995,
      70.24000000000001
    ],
    "label": [
      -30.239999999999995,
      35.24000000000001
    ]
  },
  "Kimi K2.5": {
    "logo": [
      -12.16,
      68.08
    ],
    "label": [
      -12.16,
      33.08
    ]
  },
  "Claude 4 Opus": {
    "logo": [
      -100.8,
      -43.519999999999996
    ],
    "label": [
      -100.8,
      -78.52
    ]
  },
  "GPT-5": {
    "logo": [
      -12.959999999999999,
      32.8
    ],
    "label": [
      -12.959999999999999,
      -2.200000000000003
    ]
  },
  "Llama 4 Maverick": {
    "logo": [
      -69.12,
      80.32
    ],
    "label": [
      -69.12,
      45.31999999999999
    ]
  },
  "GLM-5": {
    "logo": [
      4.960000000000001,
      -54.31999999999999
    ],
    "label": [
      4.960000000000001,
      -89.32
    ]
  },
  "Gemini 3.1 Pro": {
    "logo": [
      39.519999999999996,
      52.239999999999995
    ],
    "label": [
      39.519999999999996,
      17.239999999999995
    ]
  }
}