{
  "InternVL 3.5": {
    "logo": [
      -49.68000000000001,
      60.87999999999999
    ],
    "label": [
      -49.68000000000001,
      21.87999999999999
    ]
  },
  "Llama 4 Scout": {
    "logo": [
      -34.56,
      9.760000000000005
    ],
    "label": [
      -34.56,
      -29.239999999999995
    ]
  },
  "Step-2": {
    "logo": [
      -8.640000000000002,
      70.24000000000001
    ],
    "label": [
      -8.640000000000002,
      39.640000000000015
    ]
  },
  "InternVL 3.0": {
    "logo": [
      43.91999999999999,
      3.280000000000001
    ],
    "label": [
      43.91999999999999,
      -35.71999999999999
    ]
  },
  "Qwen2.5-VL": {
    "logo": [
      -56.160000000000025,
      21.28000000000001
    ],
    "label": [
      -56.160000000000025,
      -17.71999999999999
    ]
  },
  "DeepSeek-VL2": {
    "logo": [
      37.44000000000001,
      -20.480000000000008
    ],
    "label": [
      37.44000000000001,
      -59.47999999999999
    ]
  },
  "Qwen3.5": {
    "logo": [
      -65.32000000000002,
      -140.84000000000003
    ],
    "label": [
      -65.32000000000002,
      -179.84000000000003
    ]
  },
  "Qwen3-VL": {
    "logo": [
      1.4400000000000084,
      -34.87999999999999
    ],
    "label": [
      1.4400000000000084,
      -73.88
    ]
  },
  "Kimi K2.5": {
    "logo": [
      -127.35999999999999,
      55.11999999999998
    ],
    "label": [
      -127.35999999999999,
      16.119999999999983
    ]
  },
  "Llama 4 Maverick": {
    "logo": [
      -40.320000000000014,
      27.04
    ],
    "label": [
      -40.320000000000014,
      -11.96
    ]
  },
  "GLM-5": {
    "logo": [
      -75.67999999999998,
      4.719999999999995
    ],
    "label": [
      -75.67999999999998,
      -34.28000000000003
    ]
  },
  "MiniCPM-V": {
    "logo": [
      -44.64,
      31.359999999999985
    ],
    "label": [
      -44.64,
      -7.640000000000015
    ]
  },
  "DeepSeek-V3": {
    "logo": [
      -39.28,
      14.919999999999998
    ],
    "label": [
      -39.28,
      -20.080000000000002
    ]
  },
  "DeepSeek-V4": {
    "logo": [
      48.04000000000001,
      49.480000000000025
    ],
    "label": [
      48.04000000000001,
      14.480000000000025
    ]
  },
  "GPT-4o": {
    "logo": [
      -5.760000000000001,
      73.12
    ],
    "label": [
      -5.760000000000001,
      38.120000000000005
    ]
  },
  "GPT-5": {
    "logo": [
      -34.55999999999999,
      55.83999999999999
    ],
    "label": [
      -34.55999999999999,
      20.83999999999999
    ]
  },
  "Doubao 2.0": {
    "logo": [
      -69.35999999999999,
      -59.75999999999999
    ],
    "label": [
      -69.35999999999999,
      -94.75999999999999
    ]
  },
  "Gemini 3.1 Pro": {
    "logo": [
      -82.88000000000001,
      75.28000000000002
    ],
    "label": [
      -82.88000000000001,
      40.280000000000015
    ]
  },
  "GPT-5.5 Pro": {
    "logo": [
      -59.04,
      44.32000000000001
    ],
    "label": [
      -59.04,
      9.320000000000007
    ]
  },
  "Claude Opus 4.8": {
    "logo": [
      7.199999999999976,
      -88.16
    ],
    "label": [
      7.199999999999976,
      -123.16
    ]
  },
  "Qwen 3.7 Max": {
    "logo": [
      -40.32000000000001,
      19.83999999999999
    ],
    "label": [
      -40.32000000000001,
      -15.160000000000004
    ]
  },
  "Claude 4 Opus": {
    "logo": [
      -54.72,
      70.24
    ],
    "label": [
      -54.72,
      35.239999999999995
    ]
  },
  "MiniMax M2.7": {
    "logo": [
      -37.44000000000001,
      -24.8
    ],
    "label": [
      -37.44000000000001,
      -59.8
    ]
  }
}